Database,Keyword,Seed keyword,Page,Topic,Page type,Tags,Volume,Keyword Difficulty,CPC (USD),Competitive Density,Number of Results,Intent,SERP Features,Trend,Click potential,Content references,Competitors
us,why do conveyors keep failing in food factories,why do conveyors keep failing in food factories,,problem_unaware,,problem_unaware,10,0,0.00,0.00,0,Informational,,,,,
us,why bearings fail repeatedly on packaging lines,why bearings fail repeatedly on packaging lines,,problem_unaware,,problem_unaware,10,0,0.00,0.00,0,Informational,,,,,
us,frequent motor overload trips root causes manufacturing,frequent motor overload trips root causes manufacturing,,problem_unaware,,problem_unaware,10,0,0.00,0.00,0,Informational,,,,,
us,why chain conveyors stretch so quickly,why chain conveyors stretch so quickly,,problem_unaware,,problem_unaware,10,0,0.00,0.00,0,Informational,,,,,
us,why motors run hot after maintenance,why motors run hot after maintenance,,problem_unaware,,problem_unaware,10,0,0.00,0.00,0,Informational,,,,,
us,why gearboxes fail every 6 months,why gearboxes fail every 6 months,,problem_unaware,,problem_unaware,10,0,0.00,0.00,0,Informational,,,,,
us,why maintenance backlog keeps growing,why maintenance backlog keeps growing,,problem_unaware,,problem_unaware,10,0,0.00,0.00,0,Informational,,,,,
us,why operators ignore maintenance alerts,why operators ignore maintenance alerts,,problem_unaware,,problem_unaware,10,0,0.00,0.00,0,Informational,,,,,
us,why breakdowns always happen during peak production,why breakdowns always happen during peak production,,problem_unaware,,problem_unaware,10,0,0.00,0.00,0,Informational,,,,,
us,why vibration checks don't prevent failures,why vibration checks don't prevent failures,,problem_unaware,,problem_unaware,10,0,0.00,0.00,0,Informational,,,,,
us,why lubrication schedules don't stop bearing failures,why lubrication schedules don't stop bearing failures,,problem_unaware,,problem_unaware,10,0,0.00,0.00,0,Informational,,,,,
us,why preventive maintenance doesn't work in food plants,why preventive maintenance doesn't work in food plants,,problem_unaware,,problem_unaware,10,0,0.00,0.00,0,Informational,,,,,
us,how to stop repeated downtime on the same machine,how to stop repeated downtime on the same machine,,problem_unaware,,problem_unaware,10,0,0.00,0.00,0,Informational,,,,,
us,why maintenance teams always firefight,why maintenance teams always firefight,,problem_unaware,,problem_unaware,10,0,0.00,0.00,0,Informational,,,,,
us,why maintenance planning never catches up,why maintenance planning never catches up,,problem_unaware,,problem_unaware,10,0,0.00,0.00,0,Informational,,,,,
us,why machines fail after cleaning shifts,why machines fail after cleaning shifts,,problem_unaware,,problem_unaware,10,0,0.00,0.00,0,Informational,,,,,
us,why washdown environments destroy bearings,why washdown environments destroy bearings,,problem_unaware,,problem_unaware,10,0,0.00,0.00,0,Informational,,,,,
us,why intermittent machines fail without warning,why intermittent machines fail without warning,,problem_unaware,,problem_unaware,10,0,0.00,0.00,0,Informational,,,,,
us,why servo motors fail unpredictably,why servo motors fail unpredictably,,problem_unaware,,problem_unaware,10,0,0.00,0.00,0,Informational,,,,,
us,why technicians don't trust maintenance data,why technicians don't trust maintenance data,,problem_unaware,,problem_unaware,10,0,0.00,0.00,0,Informational,,,,,
us,why CMMS doesn't reduce downtime,why CMMS doesn't reduce downtime,,problem_unaware,,problem_unaware,10,0,0.00,0.00,0,Informational,,,,,
us,why maintenance costs rising every year,why maintenance costs rising every year,,problem_unaware,,problem_unaware,10,0,0.00,0.00,0,Informational,,,,,
us,why maintenance tasks missed in shifts,why maintenance tasks missed in shifts,,problem_unaware,,problem_unaware,10,0,0.00,0.00,0,Informational,,,,,
us,why spare parts usage unpredictable,why spare parts usage unpredictable,,problem_unaware,,problem_unaware,10,0,0.00,0.00,0,Informational,,,,,
us,why production blames maintenance,why production blames maintenance,,problem_unaware,,problem_unaware,10,0,0.00,0.00,0,Informational,,,,,
us,why maintenance blames operations,why maintenance blames operations,,problem_unaware,,problem_unaware,10,0,0.00,0.00,0,Informational,,,,,
us,why failures cluster on certain lines,why failures cluster on certain lines,,problem_unaware,,problem_unaware,10,0,0.00,0.00,0,Informational,,,,,
us,why OEE drops even after improvements,why OEE drops even after improvements,,problem_unaware,,problem_unaware,10,0,0.00,0.00,0,Informational,,,,,
us,why asset history not useful,why asset history not useful,,problem_unaware,,problem_unaware,10,0,0.00,0.00,0,Informational,,,,,
us,why scheduled maintenance wastes time,why scheduled maintenance wastes time,,problem_unaware,,problem_unaware,10,0,0.00,0.00,0,Informational,,,,,
us,why maintenance compliance low,why maintenance compliance low,,problem_unaware,,problem_unaware,10,0,0.00,0.00,0,Informational,,,,,
us,why condition monitoring alerts ignored,why condition monitoring alerts ignored,,problem_unaware,,problem_unaware,10,0,0.00,0.00,0,Informational,,,,,
us,why operators bypass alarms,why operators bypass alarms,,problem_unaware,,problem_unaware,10,0,0.00,0.00,0,Informational,,,,,
us,why downtime root cause hard to identify,why downtime root cause hard to identify,,problem_unaware,,problem_unaware,10,0,0.00,0.00,0,Informational,,,,,
us,why maintenance reports inaccurate,why maintenance reports inaccurate,,problem_unaware,,problem_unaware,10,0,0.00,0.00,0,Informational,,,,,
us,why planners struggle to prioritise work,why planners struggle to prioritise work,,problem_unaware,,problem_unaware,10,0,0.00,0.00,0,Informational,,,,,
us,why plants react instead of prevent,why plants react instead of prevent,,problem_unaware,,problem_unaware,10,0,0.00,0.00,0,Informational,,,,,
us,why reliability initiatives fail,why reliability initiatives fail,,problem_unaware,,problem_unaware,10,0,0.00,0.00,0,Informational,,,,,
us,why maintenance KPIs don't improve,why maintenance KPIs don't improve,,problem_unaware,,problem_unaware,10,0,0.00,0.00,0,Informational,,,,,
us,why reliability engineers overwhelmed,why reliability engineers overwhelmed,,problem_unaware,,problem_unaware,10,0,0.00,0.00,0,Informational,,,,,
us,how to reduce unplanned downtime manufacturing,how to reduce unplanned downtime manufacturing,,problem_aware,,problem_aware,10,0,0.00,0.00,0,Informational,,,,,
us,ways to improve maintenance reliability,ways to improve maintenance reliability,,problem_aware,,problem_aware,10,0,0.00,0.00,0,Informational,,,,,
us,how to move from reactive to proactive maintenance,how to move from reactive to proactive maintenance,,problem_aware,,problem_aware,10,0,0.00,0.00,0,Informational,,,,,
us,best maintenance strategy for packaging lines,best maintenance strategy for packaging lines,,problem_aware,,problem_aware,10,0,0.00,0.00,0,Informational,,,,,
us,preventive vs predictive maintenance when to use,preventive vs predictive maintenance when to use,,problem_aware,,problem_aware,10,0,0.00,0.00,0,Informational,,,,,
us,how to prioritise maintenance work orders,how to prioritise maintenance work orders,,problem_aware,,problem_aware,10,0,0.00,0.00,0,Informational,,,,,
us,how to detect bearing failure early,how to detect bearing failure early,,problem_aware,,problem_aware,10,0,0.00,0.00,0,Informational,,,,,
us,how to monitor conveyors automatically,how to monitor conveyors automatically,,problem_aware,,problem_aware,10,0,0.00,0.00,0,Informational,,,,,
us,how to monitor intermittent equipment,how to monitor intermittent equipment,,problem_aware,,problem_aware,10,0,0.00,0.00,0,Informational,,,,,
us,how to monitor servo driven machines,how to monitor servo driven machines,,problem_aware,,problem_aware,10,0,0.00,0.00,0,Informational,,,,,
us,how to monitor washdown food equipment,how to monitor washdown food equipment,,problem_aware,,problem_aware,10,0,0.00,0.00,0,Informational,,,,,
us,how to monitor assets without PLC access,how to monitor assets without PLC access,,problem_aware,,problem_aware,10,0,0.00,0.00,0,Informational,,,,,
us,how to identify bad actors in a factory,how to identify bad actors in a factory,,problem_aware,,problem_aware,10,0,0.00,0.00,0,Informational,,,,,
us,how to find critical assets in a plant,how to find critical assets in a plant,,problem_aware,,problem_aware,10,0,0.00,0.00,0,Informational,,,,,
us,how to predict motor failure,how to predict motor failure,,problem_aware,,problem_aware,10,0,0.00,0.00,0,Informational,,,,,
us,how to monitor gearboxes remotely,how to monitor gearboxes remotely,,problem_aware,,problem_aware,10,0,0.00,0.00,0,Informational,,,,,
us,how to build a reliability program,how to build a reliability program,,problem_aware,,problem_aware,10,0,0.00,0.00,0,Informational,,,,,
us,how to convince management to invest in maintenance,how to convince management to invest in maintenance,,problem_aware,,problem_aware,10,0,0.00,0.00,0,Informational,,,,,
us,how to calculate cost of downtime,how to calculate cost of downtime,,problem_aware,,problem_aware,10,0,0.00,0.00,0,Informational,,,,,
us,how to rank asset risk,how to rank asset risk,,problem_aware,,problem_aware,10,0,0.00,0.00,0,Informational,,,,,
us,how to detect maintenance problems before breakdown,how to detect maintenance problems before breakdown,,problem_aware,,problem_aware,10,0,0.00,0.00,0,Informational,,,,,
us,how to automate maintenance planning,how to automate maintenance planning,,problem_aware,,problem_aware,10,0,0.00,0.00,0,Informational,,,,,
us,how to plan maintenance with limited labour,how to plan maintenance with limited labour,,problem_aware,,problem_aware,10,0,0.00,0.00,0,Informational,,,,,
us,how to prevent repeat failures,how to prevent repeat failures,,problem_aware,,problem_aware,10,0,0.00,0.00,0,Informational,,,,,
us,how to improve PM compliance,how to improve PM compliance,,problem_aware,,problem_aware,10,0,0.00,0.00,0,Informational,,,,,
us,how to combine maintenance and production data,how to combine maintenance and production data,,problem_aware,,problem_aware,10,0,0.00,0.00,0,Informational,,,,,
us,how to use AI in maintenance,how to use AI in maintenance,,problem_aware,,problem_aware,10,0,0.00,0.00,0,Informational,,,,,
us,how predictive maintenance actually works,how predictive maintenance actually works,,problem_aware,,problem_aware,10,0,0.00,0.00,0,Informational,,,,,
us,how to start reliability engineering in small plant,how to start reliability engineering in small plant,,problem_aware,,problem_aware,10,0,0.00,0.00,0,Informational,,,,,
us,how to monitor assets across multiple sites,how to monitor assets across multiple sites,,problem_aware,,problem_aware,10,0,0.00,0.00,0,Informational,,,,,
us,how to manage maintenance backlog,how to manage maintenance backlog,,problem_aware,,problem_aware,10,0,0.00,0.00,0,Informational,,,,,
us,how to track maintenance performance,how to track maintenance performance,,problem_aware,,problem_aware,10,0,0.00,0.00,0,Informational,,,,,
us,how to justify condition monitoring ROI,how to justify condition monitoring ROI,,problem_aware,,problem_aware,10,0,0.00,0.00,0,Informational,,,,,
us,how to identify maintenance bottlenecks,how to identify maintenance bottlenecks,,problem_aware,,problem_aware,10,0,0.00,0.00,0,Informational,,,,,
us,how to measure maintenance effectiveness,how to measure maintenance effectiveness,,problem_aware,,problem_aware,10,0,0.00,0.00,0,Informational,,,,,
us,how to reduce emergency work orders,how to reduce emergency work orders,,problem_aware,,problem_aware,10,0,0.00,0.00,0,Informational,,,,,
us,how to stabilise production lines,how to stabilise production lines,,problem_aware,,problem_aware,10,0,0.00,0.00,0,Informational,,,,,
us,how to reduce maintenance overtime,how to reduce maintenance overtime,,problem_aware,,problem_aware,10,0,0.00,0.00,0,Informational,,,,,
us,how to standardise maintenance tasks,how to standardise maintenance tasks,,problem_aware,,problem_aware,10,0,0.00,0.00,0,Informational,,,,,
us,how to connect maintenance to OEE,how to connect maintenance to OEE,,problem_aware,,problem_aware,10,0,0.00,0.00,0,Informational,,,,,
us,predictive maintenance software manufacturing,predictive maintenance software manufacturing,,solution_aware,,solution_aware,10,0,0.00,0.00,0,Commercial,,,,,
us,condition monitoring systems for factories,condition monitoring systems for factories,,solution_aware,,solution_aware,10,0,0.00,0.00,0,Commercial,,,,,
us,AI maintenance platforms industrial,AI maintenance platforms industrial,,solution_aware,,solution_aware,10,0,0.00,0.00,0,Commercial,,,,,
us,best CMMS for manufacturing plants,best CMMS for manufacturing plants,,solution_aware,,solution_aware,10,0,0.00,0.00,0,Commercial,,,,,
us,CMMS with predictive maintenance,CMMS with predictive maintenance,,solution_aware,,solution_aware,10,0,0.00,0.00,0,Commercial,,,,,
us,maintenance planning software for factories,maintenance planning software for factories,,solution_aware,,solution_aware,10,0,0.00,0.00,0,Commercial,,,,,
us,asset reliability software manufacturing,asset reliability software manufacturing,,solution_aware,,solution_aware,10,0,0.00,0.00,0,Commercial,,,,,
us,industrial IoT maintenance platforms,industrial IoT maintenance platforms,,solution_aware,,solution_aware,10,0,0.00,0.00,0,Commercial,,,,,
us,machine health monitoring systems,machine health monitoring systems,,solution_aware,,solution_aware,10,0,0.00,0.00,0,Commercial,,,,,
us,food manufacturing maintenance software,food manufacturing maintenance software,,solution_aware,,solution_aware,10,0,0.00,0.00,0,Commercial,,,,,
us,packaging line condition monitoring,packaging line condition monitoring,,solution_aware,,solution_aware,10,0,0.00,0.00,0,Commercial,,,,,
us,monitor conveyors automatically system,monitor conveyors automatically system,,solution_aware,,solution_aware,10,0,0.00,0.00,0,Commercial,,,,,
us,monitor bearings automatically solution,monitor bearings automatically solution,,solution_aware,,solution_aware,10,0,0.00,0.00,0,Commercial,,,,,
us,detect machine failure early software,detect machine failure early software,,solution_aware,,solution_aware,10,0,0.00,0.00,0,Commercial,,,,,
us,maintenance AI platforms comparison,maintenance AI platforms comparison,,solution_aware,,solution_aware,10,0,0.00,0.00,0,Commercial,,,,,
us,predictive maintenance vs vibration analysis services,predictive maintenance vs vibration analysis services,,solution_aware,,solution_aware,10,0,0.00,0.00,0,Commercial,,,,,
us,alternatives to vibration route based monitoring,alternatives to vibration route based monitoring,,solution_aware,,solution_aware,10,0,0.00,0.00,0,Commercial,,,,,
us,remote machine monitoring solutions,remote machine monitoring solutions,,solution_aware,,solution_aware,10,0,0.00,0.00,0,Commercial,,,,,
us,multi site maintenance management software,multi site maintenance management software,,solution_aware,,solution_aware,10,0,0.00,0.00,0,Commercial,,,,,
us,maintenance analytics platforms manufacturing,maintenance analytics platforms manufacturing,,solution_aware,,solution_aware,10,0,0.00,0.00,0,Commercial,,,,,
us,tools reliability engineers use,tools reliability engineers use,,solution_aware,,solution_aware,10,0,0.00,0.00,0,Commercial,,,,,
us,maintenance decision support systems,maintenance decision support systems,,solution_aware,,solution_aware,10,0,0.00,0.00,0,Commercial,,,,,
us,maintenance prioritisation software,maintenance prioritisation software,,solution_aware,,solution_aware,10,0,0.00,0.00,0,Commercial,,,,,
us,maintenance alert ranking software,maintenance alert ranking software,,solution_aware,,solution_aware,10,0,0.00,0.00,0,Commercial,,,,,
us,maintenance recommendation engines,maintenance recommendation engines,,solution_aware,,solution_aware,10,0,0.00,0.00,0,Commercial,,,,,
us,maintenance planning optimisation software,maintenance planning optimisation software,,solution_aware,,solution_aware,10,0,0.00,0.00,0,Commercial,,,,,
us,maintenance scheduling AI tools,maintenance scheduling AI tools,,solution_aware,,solution_aware,10,0,0.00,0.00,0,Commercial,,,,,
us,machine downtime analytics software,machine downtime analytics software,,solution_aware,,solution_aware,10,0,0.00,0.00,0,Commercial,,,,,
us,maintenance intelligence platforms,maintenance intelligence platforms,,solution_aware,,solution_aware,10,0,0.00,0.00,0,Commercial,,,,,
us,industrial reliability platforms,industrial reliability platforms,,solution_aware,,solution_aware,10,0,0.00,0.00,0,Commercial,,,,,
us,connected worker maintenance systems,connected worker maintenance systems,,solution_aware,,solution_aware,10,0,0.00,0.00,0,Commercial,,,,,
us,maintenance workflow automation tools,maintenance workflow automation tools,,solution_aware,,solution_aware,10,0,0.00,0.00,0,Commercial,,,,,
us,smart factory maintenance software,smart factory maintenance software,,solution_aware,,solution_aware,10,0,0.00,0.00,0,Commercial,,,,,
us,preventive maintenance scheduling software industrial,preventive maintenance scheduling software industrial,,solution_aware,,solution_aware,10,0,0.00,0.00,0,Commercial,,,,,
us,maintenance execution systems vs CMMS,maintenance execution systems vs CMMS,,solution_aware,,solution_aware,10,0,0.00,0.00,0,Commercial,,,,,
us,asset performance management vs CMMS,asset performance management vs CMMS,,solution_aware,,solution_aware,10,0,0.00,0.00,0,Commercial,,,,,
us,APM software manufacturing,APM software manufacturing,,solution_aware,,solution_aware,10,0,0.00,0.00,0,Commercial,,,,,
us,digital maintenance platforms,digital maintenance platforms,,solution_aware,,solution_aware,10,0,0.00,0.00,0,Commercial,,,,,
us,maintenance copilots for technicians,maintenance copilots for technicians,,solution_aware,,solution_aware,10,0,0.00,0.00,0,Commercial,,,,,
us,maintenance assistants AI industrial,maintenance assistants AI industrial,,solution_aware,,solution_aware,10,0,0.00,0.00,0,Commercial,,,,,
us,best predictive maintenance companies,best predictive maintenance companies,,vendor_aware,,vendor_aware,10,0,0.00,0.00,0,Commercial,,,,,
us,predictive maintenance startups,predictive maintenance startups,,vendor_aware,,vendor_aware,10,0,0.00,0.00,0,Commercial,,,,,
us,augury vs skf condition monitoring,augury vs skf condition monitoring,,vendor_aware,,vendor_aware,10,0,0.00,0.00,0,Commercial,,,,,
us,augury competitors,augury competitors,,vendor_aware,,vendor_aware,10,0,0.00,0.00,0,Commercial,,,,,
us,skf enlight competitors,skf enlight competitors,,vendor_aware,,vendor_aware,10,0,0.00,0.00,0,Commercial,,,,,
us,nanolike competitors,nanolike competitors,,vendor_aware,,vendor_aware,10,0,0.00,0.00,0,Commercial,,,,,
us,senseye vs augury,senseye vs augury,,vendor_aware,,vendor_aware,10,0,0.00,0.00,0,Commercial,,,,,
us,fiix vs maintainx vs upkeep,fiix vs maintainx vs upkeep,,vendor_aware,,vendor_aware,10,0,0.00,0.00,0,Commercial,,,,,
us,best cmms for food manufacturing,best cmms for food manufacturing,,vendor_aware,,vendor_aware,10,0,0.00,0.00,0,Commercial,,,,,
us,predictive maintenance vendors food industry,predictive maintenance vendors food industry,,vendor_aware,,vendor_aware,10,0,0.00,0.00,0,Commercial,,,,,
us,condition monitoring companies australia,condition monitoring companies australia,,vendor_aware,,vendor_aware,10,0,0.00,0.00,0,Commercial,,,,,
us,machine monitoring vendors packaging industry,machine monitoring vendors packaging industry,,vendor_aware,,vendor_aware,10,0,0.00,0.00,0,Commercial,,,,,
us,top reliability software providers,top reliability software providers,,vendor_aware,,vendor_aware,10,0,0.00,0.00,0,Commercial,,,,,
us,asset monitoring software comparison,asset monitoring software comparison,,vendor_aware,,vendor_aware,10,0,0.00,0.00,0,Commercial,,,,,
us,apm software vendors list,apm software vendors list,,vendor_aware,,vendor_aware,10,0,0.00,0.00,0,Commercial,,,,,
us,industrial ai companies maintenance,industrial ai companies maintenance,,vendor_aware,,vendor_aware,10,0,0.00,0.00,0,Commercial,,,,,
us,predictive maintenance providers smb manufacturing,predictive maintenance providers smb manufacturing,,vendor_aware,,vendor_aware,10,0,0.00,0.00,0,Commercial,,,,,
us,predictive maintenance for conveyors vendors,predictive maintenance for conveyors vendors,,vendor_aware,,vendor_aware,10,0,0.00,0.00,0,Commercial,,,,,
us,predictive maintenance for intermittent assets vendors,predictive maintenance for intermittent assets vendors,,vendor_aware,,vendor_aware,10,0,0.00,0.00,0,Commercial,,,,,
us,alternatives to augury,alternatives to augury,,vendor_aware,,vendor_aware,10,0,0.00,0.00,0,Commercial,,,,,
us,alternatives to skf vibration monitoring,alternatives to skf vibration monitoring,,vendor_aware,,vendor_aware,10,0,0.00,0.00,0,Commercial,,,,,
us,alternatives to senseye,alternatives to senseye,,vendor_aware,,vendor_aware,10,0,0.00,0.00,0,Commercial,,,,,
us,alternatives to maintainx,alternatives to maintainx,,vendor_aware,,vendor_aware,10,0,0.00,0.00,0,Commercial,,,,,
us,alternatives to fiix,alternatives to fiix,,vendor_aware,,vendor_aware,10,0,0.00,0.00,0,Commercial,,,,,
us,alternatives to upkeep cmms,alternatives to upkeep cmms,,vendor_aware,,vendor_aware,10,0,0.00,0.00,0,Commercial,,,,,
us,cmms with ai recommendations vendors,cmms with ai recommendations vendors,,vendor_aware,,vendor_aware,10,0,0.00,0.00,0,Commercial,,,,,
us,ai maintenance software comparison,ai maintenance software comparison,,vendor_aware,,vendor_aware,10,0,0.00,0.00,0,Commercial,,,,,
us,maintenance planning software comparison,maintenance planning software comparison,,vendor_aware,,vendor_aware,10,0,0.00,0.00,0,Commercial,,,,,
us,best reliability platforms manufacturing,best reliability platforms manufacturing,,vendor_aware,,vendor_aware,10,0,0.00,0.00,0,Commercial,,,,,
us,top industrial ai startups,top industrial ai startups,,vendor_aware,,vendor_aware,10,0,0.00,0.00,0,Commercial,,,,,
us,who competes with augury,who competes with augury,,vendor_aware,,vendor_aware,10,0,0.00,0.00,0,Commercial,,,,,
us,who competes with skf,who competes with skf,,vendor_aware,,vendor_aware,10,0,0.00,0.00,0,Commercial,,,,,
us,who competes with siemens senseye,who competes with siemens senseye,,vendor_aware,,vendor_aware,10,0,0.00,0.00,0,Commercial,,,,,
us,maintenance software for multi site factories,maintenance software for multi site factories,,vendor_aware,,vendor_aware,10,0,0.00,0.00,0,Commercial,,,,,
us,condition monitoring services vs software vendors,condition monitoring services vs software vendors,,vendor_aware,,vendor_aware,10,0,0.00,0.00,0,Commercial,,,,,
us,predictive maintenance vs reliability consultants,predictive maintenance vs reliability consultants,,vendor_aware,,vendor_aware,10,0,0.00,0.00,0,Commercial,,,,,
us,reliability engineering software vendors,reliability engineering software vendors,,vendor_aware,,vendor_aware,10,0,0.00,0.00,0,Commercial,,,,,
us,maintenance automation platforms vendors,maintenance automation platforms vendors,,vendor_aware,,vendor_aware,10,0,0.00,0.00,0,Commercial,,,,,
us,smart maintenance platforms vendors,smart maintenance platforms vendors,,vendor_aware,,vendor_aware,10,0,0.00,0.00,0,Commercial,,,,,
us,industrial ai maintenance leaders,industrial ai maintenance leaders,,vendor_aware,,vendor_aware,10,0,0.00,0.00,0,Commercial,,,,,
us,software to reduce factory downtime,software to reduce factory downtime,,purchase_intent,,purchase_intent,10,0,0.00,0.00,0,Transactional,,,,,
us,buy predictive maintenance software,buy predictive maintenance software,,purchase_intent,,purchase_intent,10,0,0.00,0.00,0,Transactional,,,,,
us,cost of predictive maintenance system,cost of predictive maintenance system,,purchase_intent,,purchase_intent,10,0,0.00,0.00,0,Transactional,,,,,
us,predictive maintenance roi calculator,predictive maintenance roi calculator,,purchase_intent,,purchase_intent,10,0,0.00,0.00,0,Transactional,,,,,
us,how much does condition monitoring cost,how much does condition monitoring cost,,purchase_intent,,purchase_intent,10,0,0.00,0.00,0,Transactional,,,,,
us,cmms implementation cost manufacturing,cmms implementation cost manufacturing,,purchase_intent,,purchase_intent,10,0,0.00,0.00,0,Transactional,,,,,
us,maintenance software pricing industrial,maintenance software pricing industrial,,purchase_intent,,purchase_intent,10,0,0.00,0.00,0,Transactional,,,,,
us,is predictive maintenance worth it,is predictive maintenance worth it,,purchase_intent,,purchase_intent,10,0,0.00,0.00,0,Transactional,,,,,
us,how long to deploy predictive maintenance,how long to deploy predictive maintenance,,purchase_intent,,purchase_intent,10,0,0.00,0.00,0,Transactional,,,,,
us,how many sensors needed per machine,how many sensors needed per machine,,purchase_intent,,purchase_intent,10,0,0.00,0.00,0,Transactional,,,,,
us,can predictive maintenance work on conveyors,can predictive maintenance work on conveyors,,purchase_intent,,purchase_intent,10,0,0.00,0.00,0,Transactional,,,,,
us,can predictive maintenance work on packaging lines,can predictive maintenance work on packaging lines,,purchase_intent,,purchase_intent,10,0,0.00,0.00,0,Transactional,,,,,
us,can predictive maintenance work without plc,can predictive maintenance work without plc,,purchase_intent,,purchase_intent,10,0,0.00,0.00,0,Transactional,,,,,
us,can predictive maintenance detect electrical faults,can predictive maintenance detect electrical faults,,purchase_intent,,purchase_intent,10,0,0.00,0.00,0,Transactional,,,,,
us,predictive maintenance for small factories,predictive maintenance for small factories,,purchase_intent,,purchase_intent,10,0,0.00,0.00,0,Transactional,,,,,
us,predictive maintenance for food plants,predictive maintenance for food plants,,purchase_intent,,purchase_intent,10,0,0.00,0.00,0,Transactional,,,,,
us,predictive maintenance for washdown environments,predictive maintenance for washdown environments,,purchase_intent,,purchase_intent,10,0,0.00,0.00,0,Transactional,,,,,
us,predictive maintenance for multi site companies,predictive maintenance for multi site companies,,purchase_intent,,purchase_intent,10,0,0.00,0.00,0,Transactional,,,,,
us,maintenance software easy to deploy,maintenance software easy to deploy,,purchase_intent,,purchase_intent,10,0,0.00,0.00,0,Transactional,,,,,
us,maintenance software minimal training,maintenance software minimal training,,purchase_intent,,purchase_intent,10,0,0.00,0.00,0,Transactional,,,,,
us,maintenance software for technicians not engineers,maintenance software for technicians not engineers,,purchase_intent,,purchase_intent,10,0,0.00,0.00,0,Transactional,,,,,
us,maintenance software for operators,maintenance software for operators,,purchase_intent,,purchase_intent,10,0,0.00,0.00,0,Transactional,,,,,
us,maintenance software for planners,maintenance software for planners,,purchase_intent,,purchase_intent,10,0,0.00,0.00,0,Transactional,,,,,
us,maintenance software with automatic tasks,maintenance software with automatic tasks,,purchase_intent,,purchase_intent,10,0,0.00,0.00,0,Transactional,,,,,
us,maintenance software with recommendations,maintenance software with recommendations,,purchase_intent,,purchase_intent,10,0,0.00,0.00,0,Transactional,,,,,
us,maintenance software with prioritisation,maintenance software with prioritisation,,purchase_intent,,purchase_intent,10,0,0.00,0.00,0,Transactional,,,,,
us,maintenance software that integrates production,maintenance software that integrates production,,purchase_intent,,purchase_intent,10,0,0.00,0.00,0,Transactional,,,,,
us,maintenance software for reliability engineers,maintenance software for reliability engineers,,purchase_intent,,purchase_intent,10,0,0.00,0.00,0,Transactional,,,,,
us,maintenance software that reduces backlog,maintenance software that reduces backlog,,purchase_intent,,purchase_intent,10,0,0.00,0.00,0,Transactional,,,,,
us,maintenance software that improves pm compliance,maintenance software that improves pm compliance,,purchase_intent,,purchase_intent,10,0,0.00,0.00,0,Transactional,,,,,
us,maintenance software for intermittent equipment,maintenance software for intermittent equipment,,purchase_intent,,purchase_intent,10,0,0.00,0.00,0,Transactional,,,,,
us,maintenance software for motors and bearings,maintenance software for motors and bearings,,purchase_intent,,purchase_intent,10,0,0.00,0.00,0,Transactional,,,,,
us,maintenance software with ai insights,maintenance software with ai insights,,purchase_intent,,purchase_intent,10,0,0.00,0.00,0,Transactional,,,,,
us,maintenance software australia manufacturing,maintenance software australia manufacturing,,purchase_intent,,purchase_intent,10,0,0.00,0.00,0,Transactional,,,,,
us,maintenance software for packaging plants,maintenance software for packaging plants,,purchase_intent,,purchase_intent,10,0,0.00,0.00,0,Transactional,,,,,
us,maintenance software implementation time,maintenance software implementation time,,purchase_intent,,purchase_intent,10,0,0.00,0.00,0,Transactional,,,,,
us,maintenance software onboarding effort,maintenance software onboarding effort,,purchase_intent,,purchase_intent,10,0,0.00,0.00,0,Transactional,,,,,
us,maintenance software without consultants,maintenance software without consultants,,purchase_intent,,purchase_intent,10,0,0.00,0.00,0,Transactional,,,,,
us,maintenance software quick roi,maintenance software quick roi,,purchase_intent,,purchase_intent,10,0,0.00,0.00,0,Transactional,,,,,
us,maintenance software trial available,maintenance software trial available,,purchase_intent,,purchase_intent,10,0,0.00,0.00,0,Transactional,,,,,
