Keyword,Volume,Difficulty,Traffic,CPC,Intents
failure mode analysis best practices,520,38,380,16.00,Informational
how to detect equipment failure early,440,32,320,14.00,Informational
conveyor breakdown prevention,280,28,200,12.00,Informational
machine stoppage root cause analysis,220,25,160,11.00,Informational
downtime pattern analysis,320,30,240,13.00,Informational
how to prevent recurring equipment failures,380,35,280,15.00,Informational
reducing unplanned downtime in manufacturing,680,40,500,22.00,Commercial
predictive vs preventive maintenance benefits,590,42,420,18.00,Informational
PM plan optimisation techniques,260,30,180,11.00,Informational
how to review preventive maintenance plans,240,25,170,10.00,Informational
building a reliability culture,320,28,230,12.00,Informational
asset performance improvement strategies,380,35,280,14.00,Informational
maintenance execution best practices,290,28,210,11.00,Informational
inspection and repair record keeping,180,22,130,8.00,Informational
rapid breakdown response procedures,220,25,160,10.00,Informational
minimising downtime during repairs,340,32,250,14.00,Informational
spare parts management for maintenance,410,32,300,14.00,Informational
maintenance inventory optimisation,350,30,260,13.00,Informational
work order accuracy best practices,240,25,170,12.00,Informational
MEX CMMS tips and tricks,180,18,130,15.00,Informational
troubleshooting best practices for technicians,390,30,290,11.00,Informational
corrective maintenance workflow,260,28,190,10.00,Informational
fast root cause diagnosis techniques,280,28,200,12.00,Informational
rapid troubleshooting methods for maintenance,240,25,170,11.00,Informational
diagnose equipment problems quickly,320,30,230,13.00,Informational
how to verify a repair was successful,180,20,130,9.00,Informational
preventing repeat failures after repair,290,28,210,14.00,Informational
maintenance work prioritisation methods,320,25,240,8.50,Informational
work order prioritisation framework,320,25,240,8.50,Informational
how to plan maintenance work effectively,380,30,280,10.00,Informational
maintenance scheduling best practices,450,35,330,12.00,Informational
maintenance backlog management,280,28,200,11.00,Informational
maintenance strategy roadmap template,350,32,260,15.00,Commercial
risk-based maintenance planning,420,38,310,16.00,Informational
maintenance strategy planning 1-5 year horizon,280,30,200,14.00,Informational
asset lifecycle planning template,380,35,280,18.00,Commercial
aligning maintenance with operations goals,220,25,160,12.00,Informational
maintenance and operations partnership,180,22,130,10.00,Informational
maintenance cost targets and budgeting,320,30,240,12.00,Informational
positioning maintenance as strategic partner,160,20,115,14.00,Informational
maintenance value demonstration to executives,200,25,145,16.00,Informational
maintenance team leadership skills,290,28,210,11.00,Informational
coaching maintenance technicians,220,25,160,10.00,Informational
leading high-performance maintenance teams,290,28,210,11.00,Informational
hiring maintenance technicians best practices,260,25,190,12.00,Informational
maintenance team skills framework,180,22,130,9.00,Informational
managing technical teams in manufacturing,240,28,170,11.00,Informational
mentoring junior maintenance staff,160,20,115,8.00,Informational
contractor management for maintenance work,280,28,200,12.00,Informational
maintenance contractor compliance checklist,220,25,160,10.00,Informational
maintenance compliance in regulated industries,320,32,230,18.00,Informational
maintenance audit trail best practices,240,28,170,15.00,Informational
proving maintenance was done correctly,180,22,130,14.00,Informational
defensible maintenance decisions with data,120,18,85,18.00,Informational
maintenance KPIs that matter,480,30,360,10.00,Informational
maintenance KPI dashboard template,420,32,310,14.00,Commercial
tracking maintenance performance metrics,320,28,230,12.00,Informational
CMMS data cleanup guide,240,25,170,15.00,Informational
asset data hygiene best practices,180,22,130,14.00,Informational
how to get clean asset data in CMMS,240,22,170,16.00,Informational
maintenance data for capital investment decisions,200,28,145,18.00,Informational
equipment replacement decision framework,280,30,200,16.00,Informational
demonstrating maintenance ROI,320,30,230,15.00,Informational
proving maintenance improvements with data,220,25,160,14.00,Informational
maintenance metrics for executive reporting,280,30,200,14.00,Informational
visualising maintenance metrics for leadership,220,25,160,13.00,Informational
change management in manufacturing,580,40,420,14.00,Informational
change management for maintenance teams,320,32,230,12.00,Informational
maintenance project implementation guide,280,28,200,11.00,Informational
implementing new maintenance processes,240,25,170,10.00,Informational
maintenance documentation best practices,350,30,260,11.00,Informational
maintenance cost management guide,290,28,210,12.00,Informational
maintenance record keeping requirements,280,28,200,10.00,Informational
maintenance accountability framework,180,22,130,12.00,Informational
CMMS vs EAM comparison,590,45,420,25.00,Commercial
condition monitoring technologies explained,350,38,260,17.00,Informational
IoT sensors for predictive maintenance,620,50,450,28.00,Commercial
using analytics to forecast equipment failure,380,40,280,20.00,Informational
actionable maintenance data signals,180,25,130,16.00,Informational
reliable condition monitoring setup,240,30,170,18.00,Informational
CMMS optimisation tips and pitfalls,280,28,200,15.00,Informational
continuous improvement tools for maintenance,340,32,250,12.00,Informational
lean maintenance best practices,450,35,330,13.00,Informational
5S for maintenance teams,380,28,280,10.00,Informational
kaizen for maintenance departments,260,25,190,11.00,Informational
reliability centered maintenance guide,480,42,350,16.00,Informational
safe work method statement template,720,25,540,8.00,Transactional
SWMS template for maintenance work,540,25,400,8.00,Transactional
SWMS vs JSA difference explained,380,20,280,6.50,Informational
SWMS licensing requirements Australia,280,22,200,7.00,Informational
hot works permit template,490,24,360,7.50,Transactional
hot works certificate requirements,420,22,310,7.00,Informational
working at height permit template,490,24,360,7.50,Transactional
working at height certification requirements,380,25,280,8.00,Informational
confined space entry permit template,420,24,310,7.50,Transactional
confined space entry requirements,360,28,260,9.00,Informational
chemical handling certification maintenance,220,25,160,8.00,Informational
scissor lift certification requirements,380,22,280,6.00,Informational
forklift license for maintenance workers,320,20,230,5.50,Informational
explosives handling certification,180,28,130,10.00,Informational
how to reduce MTTR in manufacturing,720,35,550,12.00,Informational
MTTR calculation and benchmarks,480,32,350,10.00,Informational
MTTR vs MTBF explained,520,28,380,9.00,Informational
downtime reduction strategies,580,38,420,16.00,Informational
uptime improvement best practices,420,35,310,14.00,Informational
data-driven reliability plan,290,30,210,14.00,Informational
building a data-driven maintenance program,320,32,230,15.00,Informational
maintenance lifecycle management,380,35,280,14.00,Informational
maintenance budget planning template,420,30,310,12.00,Commercial
maintenance timeframe estimation,180,22,130,9.00,Informational
medical gas system maintenance,220,28,160,18.00,Informational
industrial maintenance best practices,520,38,380,14.00,Informational
what is predictive maintenance,2400,45,1800,16.00,Informational
predictive maintenance for food processing,320,35,240,14.00,Informational
predictive maintenance australia,210,25,160,18.00,Commercial
predictive maintenance compliance australia,90,20,65,12.00,Informational
predictive maintenance western australia,70,18,50,20.00,Commercial
predictive maintenance queensland,50,15,35,18.00,Commercial
predictive maintenance victoria,40,15,28,16.00,Commercial
predictive maintenance nsw,45,15,32,16.00,Commercial
predictive maintenance south australia,30,12,22,14.00,Commercial
predictive maintenance tasmania,20,10,14,12.00,Commercial
mining maintenance western australia,140,22,105,22.00,Commercial
mining equipment maintenance queensland,90,20,65,20.00,Commercial
food processing maintenance victoria,60,18,45,16.00,Commercial
predictive maintenance cost benefit analysis,590,42,420,18.00,Informational
WHS maintenance requirements australia,120,22,85,10.00,Informational
australian mining maintenance regulations,80,18,58,12.00,Informational
