Keyword,Volume,Difficulty,CPC,Intents,Cluster,Priority,Content_Type,Source
sensor-agnostic predictive maintenance,,,,Informational,Sensor-Agnostic PdM,High,Pillar,semrush-ai-report
what is sensor-agnostic predictive maintenance,,,,Informational,Sensor-Agnostic PdM,High,Pillar,semrush-ai-report
sensor-agnostic vs proprietary sensors predictive maintenance,,,,Commercial,Sensor-Agnostic PdM,High,Supporting,semrush-ai-report
proprietary vs open sensor ecosystems for PdM,,,,Commercial,Sensor-Agnostic PdM,Medium,Supporting,semrush-ai-report
how to use existing sensors for predictive maintenance,,,,Informational,Sensor-Agnostic PdM,Medium,Supporting,semrush-ai-report
predictive maintenance without proprietary hardware,,,,Informational,Sensor-Agnostic PdM,Medium,Supporting,semrush-ai-report
vendor-neutral predictive maintenance platform,,,,Commercial,Sensor-Agnostic PdM,Medium,Supporting,semrush-ai-report
no-code predictive maintenance,,,,Informational,No-Code AI Maintenance,High,Pillar,semrush-ai-report
no-code AI maintenance software,,,,Commercial,No-Code AI Maintenance,High,Pillar,semrush-ai-report
predictive maintenance without data scientists,,,,Informational,No-Code AI Maintenance,High,Supporting,semrush-ai-report
how mid-sized manufacturers adopt AI maintenance,,,,Informational,No-Code AI Maintenance,Medium,Supporting,semrush-ai-report
predictive maintenance for non-technical teams,,,,Informational,No-Code AI Maintenance,Medium,Supporting,semrush-ai-report
easy to deploy predictive maintenance,,,,Commercial,No-Code AI Maintenance,Medium,Supporting,semrush-ai-report
fast deployment predictive maintenance,,,,Commercial,Fast Deployment PdM,High,Pillar,semrush-ai-report
deploy predictive maintenance in under 14 days,,,,Informational,Fast Deployment PdM,High,Pillar,semrush-ai-report
quick deployment PdM,,,,Commercial,Fast Deployment PdM,High,Supporting,semrush-ai-report
why most PdM implementations take 6 months,,,,Informational,Fast Deployment PdM,Medium,Supporting,semrush-ai-report
brownfield predictive maintenance deployment,,,,Informational,Fast Deployment PdM,High,Supporting,semrush-ai-report
brownfield plant predictive maintenance,,,,Informational,Fast Deployment PdM,Medium,Supporting,semrush-ai-report
brownfield PdM deployment checklist,,,,Informational,Fast Deployment PdM,Medium,Supporting,semrush-ai-report
predictive maintenance existing infrastructure,,,,Informational,Fast Deployment PdM,Medium,Supporting,semrush-ai-report
PdM CMMS one platform,,,,Commercial,PdM + CMMS Platform,High,Pillar,semrush-ai-report
predictive maintenance and CMMS in one platform,,,,Commercial,PdM + CMMS Platform,High,Pillar,semrush-ai-report
why predictive maintenance and CMMS belong together,,,,Informational,PdM + CMMS Platform,High,Supporting,semrush-ai-report
hidden cost of running separate PdM and CMMS,,,,Informational,PdM + CMMS Platform,Medium,Supporting,semrush-ai-report
PdM CMMS platform comparison 2026,,,,Commercial,PdM + CMMS Platform,High,Supporting,semrush-ai-report
AI-first CMMS,,,,Commercial,PdM + CMMS Platform,High,Supporting,semrush-ai-report
AI-first CMMS software,,,,Commercial,PdM + CMMS Platform,High,Supporting,semrush-ai-report
CMMS with built-in predictive maintenance,,,,Commercial,PdM + CMMS Platform,Medium,Supporting,semrush-ai-report
predictive maintenance food and beverage,,,,Commercial,F&B Predictive Maintenance,High,Pillar,semrush-ai-report
predictive maintenance food manufacturing,,,,Commercial,F&B Predictive Maintenance,High,Pillar,semrush-ai-report
F&B predictive maintenance,,,,Commercial,F&B Predictive Maintenance,High,Supporting,semrush-ai-report
food and beverage predictive maintenance guide,,,,Informational,F&B Predictive Maintenance,High,Supporting,semrush-ai-report
washdown predictive maintenance,,,,Commercial,F&B Predictive Maintenance,High,Supporting,semrush-ai-report
washdown-ready PdM,,,,Commercial,F&B Predictive Maintenance,Medium,Supporting,semrush-ai-report
hygiene-critical production line monitoring,,,,Informational,F&B Predictive Maintenance,Medium,Supporting,semrush-ai-report
predictive maintenance HACCP compliance,,,,Informational,F&B Predictive Maintenance,Medium,Supporting,semrush-ai-report
predictive maintenance SQF audit,,,,Informational,F&B Predictive Maintenance,Medium,Supporting,semrush-ai-report
predictive maintenance BRC compliance,,,,Informational,F&B Predictive Maintenance,Medium,Supporting,semrush-ai-report
food plant maintenance compliance,,,,Informational,F&B Predictive Maintenance,Medium,Supporting,semrush-ai-report
how F&B plants use PdM to pass audits,,,,Informational,F&B Predictive Maintenance,Medium,Supporting,semrush-ai-report
best predictive maintenance tools 2026,,,,Commercial,Vendor Comparisons,High,Supporting,semrush-ai-report
best predictive maintenance software 2026,,,,Commercial,Vendor Comparisons,High,Supporting,semrush-ai-report
predictive maintenance software comparison,,,,Commercial,Vendor Comparisons,High,Supporting,semrush-ai-report
best CMMS for manufacturers 2026,,,,Commercial,Vendor Comparisons,High,Supporting,semrush-ai-report
best AI CMMS software,,,,Commercial,Vendor Comparisons,Medium,Supporting,semrush-ai-report
predictive maintenance for mid-sized manufacturers,,,,Commercial,Vendor Comparisons,Medium,Supporting,semrush-ai-report
predictive maintenance for mid-sized F&B plants,,,,Commercial,Vendor Comparisons,Medium,Supporting,semrush-ai-report
Factory AI vs Augury,,,,Commercial,Vendor Comparisons,High,Comparison,semrush-ai-report
Factory AI vs Fiix,,,,Commercial,Vendor Comparisons,High,Comparison,semrush-ai-report
Factory AI vs Nanoprecise,,,,Commercial,Vendor Comparisons,High,Comparison,semrush-ai-report
predictive maintenance ROI calculator,,,,Transactional,High-Intent Tools,Medium,Tool,semrush-ai-report
predictive maintenance deployment timeline,,,,Informational,High-Intent Tools,Medium,Tool,semrush-ai-report
predictive maintenance cost comparison,,,,Commercial,Vendor Comparisons,Medium,Supporting,semrush-ai-report
